{"w": [-0.0078267877608581, 0.3, 0.12269504692939948, 0.2], "risk_bias": 0.25, "noise_decision": 0.1}